{
   "cmd01" : "AT",
   "cmd02" : "AT+VERS?",
   "cmd03" : "AT+NAME?",
   "cmd04" : "AT+NAME=1234",
   "cmd05" : "AT+BAUD?",
   "cmd06" : "AT+BAUD=3",
   "cmd07" : "AT+ADDR?",
   "cmd08" : "AT+RESET",
   "cmd09" : "AT+DEFAULT",
   "cmd10" : "",
   "cmd11" : "",
   "cmd12" : "",
   "hex01" : false,
   "hex02" : false,
   "hex03" : false,
   "hex04" : false,
   "hex05" : false,
   "hex06" : false,
   "hex07" : false,
   "hex08" : false,
   "hex09" : false,
   "hex10" : false,
   "hex11" : false,
   "hex12" : false
}
